id_statistique,id_pays,annee,id_type_statistique,valeur,id_unite
1,1,2018,1,0.72,2
2,3,2018,1,1.6,2
3,4,2018,1,33.0,2
4,5,2018,1,14.0,2
5,6,2018,1,0.35,2
6,7,2018,1,2.8,2
7,10,2018,1,0.6,2
8,12,2018,1,1.4,2
9,13,2018,1,0.3,2
10,14,2018,1,2.7,2
11,16,2018,1,0.49,2
12,17,2018,1,7.3,2
13,18,2018,1,0.13,2
14,19,2018,1,2.2,2
15,20,2018,1,0.05,2
16,21,2018,1,37.0,2
17,22,2018,1,90.0,2
18,24,2018,1,0.35,2
19,25,2018,1,9.6,2
20,26,2018,1,8.2,2
21,27,2018,1,0.24,2
22,28,2018,1,7.3,2
23,29,2018,1,54.0,2
24,31,2018,1,11.0,2
25,32,2018,1,12.0,2
26,33,2018,1,7.1,2
27,35,2018,1,16.0,2
28,36,2018,1,0.02,2
29,37,2018,1,8.9,2
30,38,2018,1,1.5,2
31,39,2018,1,46.0,2
32,40,2018,1,0.16,2
33,41,2018,1,3.1,2
34,43,2018,1,0.44,2
35,45,2018,1,45.0,2
36,46,2018,1,0.62,2
37,47,2018,1,0.88,2
38,48,2018,1,7.0,2
39,49,2018,1,4.4,2
40,50,2018,1,2.2,2
41,51,2018,1,2.5,2
42,52,2018,1,6.2,2
43,53,2018,1,1.8,2
44,54,2018,1,0.74,2
45,55,2018,1,21.0,2
46,56,2018,1,69.0,2
47,58,2018,1,0.4,2
48,59,2018,1,18.0,2
49,60,2018,1,5.3,2
50,61,2018,1,2.6,2
51,62,2018,1,0.94,2
52,63,2018,1,8.7,2
53,64,2018,1,33.0,2
54,66,2018,1,4.7,2
55,67,2018,1,12.0,2
56,68,2018,1,4.4,2
57,69,2018,1,0.82,2
58,70,2018,1,16.0,2
59,71,2018,1,2.3,2
60,72,2018,1,0.37,2
61,73,2018,1,0.05,2
62,75,2018,1,64.0,2
63,76,2018,1,6.1,2
64,77,2018,1,0.72,2
65,78,2018,1,0.9,2
66,79,2018,1,13.0,2
67,80,2018,1,4.0,2
68,81,2018,1,3.0,2
69,82,2018,1,0.05,2
70,83,2018,1,2.6,2
71,84,2018,1,160.0,2
72,85,2018,1,0.06,2
73,86,2018,1,0.85,2
74,87,2018,1,1.2,2
75,88,2018,1,0.53,2
76,89,2018,1,0.25,2
77,90,2018,1,34.0,2
78,91,2018,1,3.9,2
79,92,2018,1,0.92,2
80,94,2018,1,0.12,2
81,95,2018,1,3.9,2
82,96,2018,1,100.0,2
83,97,2018,1,8.7,2
84,99,2018,1,15.0,2
85,101,2018,1,0.56,2
86,102,2018,1,1.3,2
87,103,2018,1,23.0,2
88,104,2018,1,0.06,2
89,105,2018,1,0.05,2
90,106,2018,1,2.1,2
91,107,2018,1,220.0,2
92,108,2018,1,24.0,2
93,109,2018,1,20.0,2
94,110,2018,1,3.0,2
95,112,2018,1,0.36,2
96,113,2018,1,0.94,2
97,114,2018,1,3.6,2
98,115,2018,1,190.0,2
99,116,2018,1,0.58,2
100,117,2018,1,0.32,2
101,118,2018,1,16.0,2
102,119,2018,1,2.6,2
103,120,2018,1,4.5,2
104,121,2018,1,2.1,2
105,122,2018,1,7.9,2
106,123,2018,1,7.7,2
107,125,2018,1,4.1,2
108,128,2018,1,1.7,2
109,129,2018,1,0.05,2
110,130,2018,1,1.8,2
111,132,2018,1,22.0,2
112,134,2018,1,4.2,2
113,135,2018,1,0.3,2
114,136,2018,1,7.0,2
115,137,2018,1,0.79,2
116,138,2018,1,0.12,2
117,140,2018,1,1.1,2
118,141,2018,1,770.0,2
119,142,2018,1,19.0,2
120,143,2018,1,15.0,2
121,144,2018,1,0.35,2
122,145,2018,1,5.9,2
123,146,2018,1,0.56,2
124,149,2018,1,0.07,2
125,150,2018,1,1.3,2
126,151,2018,1,48.0,2
127,153,2018,1,11.0,2
128,155,2018,1,0.28,2
129,158,2018,1,140.0,2
130,159,2018,1,24.0,2
131,162,2018,1,160.0,2
132,164,2018,1,1.4,2
133,165,2018,1,5.2,2
134,166,2018,1,12.0,2
135,167,2018,1,23.0,2
136,168,2018,1,1.1,2
137,169,2018,1,120.0,2
138,170,2018,1,130.0,2
139,1,2010,1,0.42,2
140,3,2010,1,0.71,2
141,4,2010,1,22.0,2
142,5,2010,1,11.0,2
143,6,2010,1,0.33,2
144,7,2010,1,2.1,2
145,10,2010,1,0.58,2
146,12,2010,1,0.77,2
147,13,2010,1,0.23,2
148,14,2010,1,1.2,2
149,16,2010,1,0.37,2
150,17,2010,1,6.1,2
151,18,2010,1,0.13,2
152,19,2010,1,2.3,2
153,20,2010,1,0.02,2
154,21,2010,1,34.0,2
155,22,2010,1,67.0,2
156,24,2010,1,0.17,2
157,25,2010,1,11.0,2
158,26,2010,1,9.3,2
159,27,2010,1,0.21,2
160,28,2010,1,7.9,2
161,29,2010,1,52.0,2
162,31,2010,1,14.0,2
163,32,2010,1,9.9,2
164,33,2010,1,3.9,2
165,35,2010,1,13.0,2
166,36,2010,1,0.02,2
167,37,2010,1,8.2,2
168,38,2010,1,0.93,2
169,39,2010,1,48.0,2
170,40,2010,1,0.1,2
171,41,2010,1,1.7,2
172,43,2010,1,0.18,2
173,45,2010,1,48.0,2
174,46,2010,1,0.55,2
175,47,2010,1,0.94,2
176,48,2010,1,7.2,2
177,49,2010,1,3.4,2
178,50,2010,1,0.68,2
179,51,2010,1,2.6,2
180,52,2010,1,3.5,2
181,53,2010,1,1.7,2
182,54,2010,1,0.6,2
183,55,2010,1,16.0,2
184,56,2010,1,63.0,2
185,58,2010,1,0.27,2
186,59,2010,1,14.0,2
187,60,2010,1,4.3,2
188,61,2010,1,1.8,2
189,62,2010,1,0.56,2
190,63,2010,1,6.9,2
191,64,2010,1,30.0,2
192,66,2010,1,4.9,2
193,67,2010,1,10.0,2
194,68,2010,1,3.8,2
195,69,2010,1,0.67,2
196,70,2010,1,14.0,2
197,71,2010,1,2.6,2
198,72,2010,1,0.2,2
199,73,2010,1,0.05,2
200,75,2010,1,51.0,2
201,76,2010,1,5.0,2
202,77,2010,1,0.48,2
203,78,2010,1,0.6,2
204,79,2010,1,11.0,2
205,80,2010,1,3.7,2
206,81,2010,1,1.9,2
207,82,2010,1,0.02,2
208,83,2010,1,1.1,2
209,84,2010,1,150.0,2
210,85,2010,1,0.05,2
211,86,2010,1,0.41,2
212,87,2010,1,0.99,2
213,88,2010,1,0.4,2
214,89,2010,1,0.16,2
215,90,2010,1,30.0,2
216,91,2010,1,4.1,2
217,92,2010,1,0.61,2
218,94,2010,1,0.07,2
219,95,2010,1,2.1,2
220,96,2010,1,87.0,2
221,97,2010,1,7.4,2
222,99,2010,1,12.0,2
223,101,2010,1,0.71,2
224,102,2010,1,1.1,2
225,103,2010,1,18.0,2
226,104,2010,1,0.05,2
227,105,2010,1,0.02,2
228,106,2010,1,1.7,2
229,107,2010,1,160.0,2
230,108,2010,1,22.0,2
231,109,2010,1,17.0,2
232,110,2010,1,3.1,2
233,111,2010,1,2.0,2
234,112,2010,1,0.25,2
235,113,2010,1,0.79,2
236,114,2010,1,3.7,2
237,115,2010,1,150.0,2
238,116,2010,1,0.42,2
239,117,2010,1,0.22,2
240,118,2010,1,6.7,2
241,119,2010,1,2.0,2
242,120,2010,1,3.8,2
243,121,2010,1,2.0,2
244,122,2010,1,6.5,2
245,123,2010,1,1.5,2
246,125,2010,1,4.0,2
247,128,2010,1,1.6,2
248,129,2010,1,0.02,2
249,130,2010,1,1.4,2
250,132,2010,1,22.0,2
251,134,2010,1,4.4,2
252,135,2010,1,0.18,2
253,136,2010,1,5.8,2
254,137,2010,1,0.65,2
255,138,2010,1,0.05,2
256,140,2010,1,1.7,2
257,141,2010,1,610.0,2
258,142,2010,1,14.0,2
259,143,2010,1,14.0,2
260,144,2010,1,0.4,2
261,145,2010,1,4.3,2
262,146,2010,1,0.46,2
263,149,2010,1,0.06,2
264,150,2010,1,0.92,2
265,151,2010,1,58.0,2
266,153,2010,1,10.0,2
267,155,2010,1,0.14,2
268,158,2010,1,120.0,2
269,159,2010,1,23.0,2
270,162,2010,1,130.0,2
271,163,2010,1,99.0,2
272,164,2010,1,0.96,2
273,165,2010,1,3.0,2
274,167,2010,1,22.0,2
275,168,2010,1,0.51,2
276,169,2010,1,100.0,2
277,170,2010,1,120.0,2
278,1,2005,1,0.29,2
279,3,2005,1,0.37,2
280,4,2005,1,15.0,2
281,5,2005,1,8.5,2
282,6,2005,1,0.27,2
283,7,2005,1,1.6,2
284,10,2005,1,0.51,2
285,12,2005,1,0.4,2
286,13,2005,1,0.17,2
287,14,2005,1,0.54,2
288,16,2005,1,0.28,2
289,17,2005,1,5.6,2
290,18,2005,1,0.11,2
291,19,2005,1,2.6,2
292,20,2005,1,0.02,2
293,21,2005,1,31.0,2
294,22,2005,1,55.0,2
295,24,2005,1,0.1,2
296,25,2005,1,12.0,2
297,26,2005,1,11.0,2
298,27,2005,1,0.18,2
299,28,2005,1,8.2,2
300,29,2005,1,47.0,2
301,31,2005,1,15.0,2
302,32,2005,1,8.8,2
303,33,2005,1,2.5,2
304,35,2005,1,12.0,2
305,36,2005,1,0.01,2
306,37,2005,1,7.7,2
307,38,2005,1,0.65,2
308,39,2005,1,51.0,2
309,40,2005,1,0.07,2
310,41,2005,1,0.9,2
311,43,2005,1,0.1,2
312,45,2005,1,51.0,2
313,46,2005,1,0.49,2
314,47,2005,1,1.1,2
315,48,2005,1,7.9,2
316,49,2005,1,2.9,2
317,50,2005,1,0.32,2
318,51,2005,1,2.3,2
319,52,2005,1,2.2,2
320,53,2005,1,1.7,2
321,54,2005,1,0.54,2
322,55,2005,1,13.0,2
323,56,2005,1,64.0,2
324,58,2005,1,0.19,2
325,59,2005,1,11.0,2
326,60,2005,1,3.5,2
327,61,2005,1,1.5,2
328,62,2005,1,0.28,2
329,63,2005,1,5.6,2
330,64,2005,1,28.0,2
331,66,2005,1,4.8,2
332,67,2005,1,9.3,2
333,68,2005,1,3.1,2
334,69,2005,1,0.5,2
335,70,2005,1,14.0,2
336,71,2005,1,3.1,2
337,72,2005,1,0.12,2
338,73,2005,1,0.02,2
339,75,2005,1,29.0,2
340,76,2005,1,3.7,2
341,77,2005,1,0.32,2
342,78,2005,1,0.41,2
343,79,2005,1,8.9,2
344,80,2005,1,3.8,2
345,81,2005,1,1.2,2
346,82,2005,1,0.02,2
347,83,2005,1,0.4,2
348,84,2005,1,150.0,2
349,85,2005,1,0.05,2
350,86,2005,1,0.15,2
351,87,2005,1,0.67,2
352,88,2005,1,0.32,2
353,89,2005,1,0.13,2
354,90,2005,1,28.0,2
355,91,2005,1,4.1,2
356,92,2005,1,0.29,2
357,94,2005,1,0.05,2
358,95,2005,1,1.9,2
359,96,2005,1,82.0,2
360,97,2005,1,6.6,2
361,99,2005,1,11.0,2
362,101,2005,1,0.75,2
363,102,2005,1,0.8,2
364,103,2005,1,15.0,2
365,104,2005,1,0.05,2
366,105,2005,1,0.01,2
367,106,2005,1,1.3,2
368,107,2005,1,120.0,2
369,108,2005,1,21.0,2
370,109,2005,1,16.0,2
371,110,2005,1,2.9,2
372,111,2005,1,1.6,2
373,112,2005,1,0.18,2
374,113,2005,1,0.61,2
375,114,2005,1,4.0,2
376,115,2005,1,140.0,2
377,116,2005,1,0.3,2
378,117,2005,1,0.17,2
379,118,2005,1,1.2,2
380,119,2005,1,1.6,2
381,120,2005,1,3.8,2
382,121,2005,1,1.9,2
383,122,2005,1,6.5,2
384,123,2005,1,0.37,2
385,125,2005,1,3.7,2
386,128,2005,1,1.2,2
387,129,2005,1,0.01,2
388,130,2005,1,1.1,2
389,132,2005,1,22.0,2
390,134,2005,1,4.2,2
391,135,2005,1,0.11,2
392,136,2005,1,5.1,2
393,137,2005,1,0.41,2
394,138,2005,1,0.05,2
395,140,2005,1,2.0,2
396,141,2005,1,500.0,2
397,142,2005,1,12.0,2
398,143,2005,1,12.0,2
399,144,2005,1,0.36,2
400,145,2005,1,2.9,2
401,146,2005,1,0.4,2
402,149,2005,1,0.05,2
403,150,2005,1,0.52,2
404,151,2005,1,63.0,2
405,153,2005,1,10.0,2
406,155,2005,1,0.06,2
407,158,2005,1,110.0,2
408,159,2005,1,23.0,2
409,162,2005,1,120.0,2
410,164,2005,1,0.76,2
411,165,2005,1,2.1,2
412,167,2005,1,18.0,2
413,168,2005,1,0.24,2
414,169,2005,1,92.0,2
415,170,2005,1,140.0,2
416,1,2000,1,0.16,2
417,3,2000,1,0.19,2
418,4,2000,1,8.7,2
419,5,2000,1,6.4,2
420,6,2000,1,0.1,2
421,7,2000,1,1.3,2
422,10,2000,1,0.51,2
423,12,2000,1,0.09,2
424,13,2000,1,0.11,2
425,14,2000,1,0.14,2
426,16,2000,1,0.17,2
427,17,2000,1,4.7,2
428,18,2000,1,0.05,2
429,19,2000,1,2.1,2
430,20,2000,1,0.01,2
431,21,2000,1,28.0,2
432,22,2000,1,41.0,2
433,24,2000,1,0.05,2
434,25,2000,1,14.0,2
435,26,2000,1,13.0,2
436,27,2000,1,0.16,2
437,28,2000,1,8.1,2
438,29,2000,1,37.0,2
439,31,2000,1,16.0,2
440,32,2000,1,8.0,2
441,33,2000,1,1.4,2
442,35,2000,1,11.0,2
443,36,2000,1,0.01,2
444,37,2000,1,8.0,2
445,38,2000,1,0.43,2
446,39,2000,1,59.0,2
447,40,2000,1,0.05,2
448,41,2000,1,0.41,2
449,43,2000,1,0.05,2
450,45,2000,1,54.0,2
451,46,2000,1,0.4,2
452,47,2000,1,0.94,2
453,48,2000,1,8.5,2
454,49,2000,1,2.6,2
455,50,2000,1,0.15,2
456,51,2000,1,1.8,2
457,52,2000,1,1.3,2
458,53,2000,1,1.6,2
459,54,2000,1,0.34,2
460,55,2000,1,11.0,2
461,56,2000,1,75.0,2
462,58,2000,1,0.11,2
463,59,2000,1,8.2,2
464,60,2000,1,2.8,2
465,61,2000,1,0.99,2
466,62,2000,1,0.1,2
467,63,2000,1,4.5,2
468,64,2000,1,27.0,2
469,66,2000,1,4.4,2
470,67,2000,1,8.3,2
471,68,2000,1,2.2,2
472,69,2000,1,0.23,2
473,70,2000,1,15.0,2
474,71,2000,1,4.0,2
475,72,2000,1,0.08,2
476,73,2000,1,0.01,2
477,75,2000,1,8.0,2
478,76,2000,1,1.6,2
479,77,2000,1,0.19,2
480,78,2000,1,0.27,2
481,79,2000,1,6.8,2
482,80,2000,1,4.1,2
483,81,2000,1,0.62,2
484,82,2000,1,0.01,2
485,83,2000,1,0.11,2
486,84,2000,1,170.0,2
487,85,2000,1,0.02,2
488,86,2000,1,0.07,2
489,87,2000,1,0.22,2
490,88,2000,1,0.23,2
491,89,2000,1,0.09,2
492,90,2000,1,26.0,2
493,91,2000,1,4.3,2
494,92,2000,1,0.1,2
495,94,2000,1,0.05,2
496,95,2000,1,1.3,2
497,96,2000,1,81.0,2
498,97,2000,1,5.5,2
499,99,2000,1,11.0,2
500,101,2000,1,0.55,2
501,102,2000,1,0.32,2
502,103,2000,1,13.0,2
503,104,2000,1,0.01,2
504,105,2000,1,0.01,2
505,106,2000,1,0.97,2
506,107,2000,1,84.0,2
507,108,2000,1,15.0,2
508,109,2000,1,14.0,2
509,110,2000,1,1.6,2
510,111,2000,1,1.1,2
511,112,2000,1,0.13,2
512,113,2000,1,0.36,2
513,114,2000,1,3.7,2
514,115,2000,1,130.0,2
515,116,2000,1,0.19,2
516,117,2000,1,0.13,2
517,118,2000,1,0.05,2
518,119,2000,1,1.1,2
519,120,2000,1,2.0,2
520,121,2000,1,1.4,2
521,122,2000,1,7.1,2
522,123,2000,1,0.1,2
523,125,2000,1,3.2,2
524,128,2000,1,1.0,2
525,129,2000,1,0.01,2
526,130,2000,1,0.75,2
527,132,2000,1,24.0,2
528,134,2000,1,3.3,2
529,135,2000,1,0.1,2
530,136,2000,1,4.0,2
531,137,2000,1,0.29,2
532,138,2000,1,0.02,2
533,140,2000,1,1.6,2
534,141,2000,1,330.0,2
535,142,2000,1,9.0,2
536,143,2000,1,9.2,2
537,144,2000,1,0.22,2
538,145,2000,1,1.5,2
539,146,2000,1,0.31,2
540,149,2000,1,0.05,2
541,150,2000,1,0.14,2
542,151,2000,1,74.0,2
543,153,2000,1,9.4,2
544,155,2000,1,0.05,2
545,158,2000,1,100.0,2
546,159,2000,1,17.0,2
547,162,2000,1,110.0,2
548,164,2000,1,0.6,2
549,165,2000,1,1.4,2
550,167,2000,1,12.0,2
551,168,2000,1,0.11,2
552,169,2000,1,89.0,2
553,170,2000,1,160.0,2
554,1,2018,2,0.05,2
555,3,2018,2,0.02,2
556,4,2018,2,1.4,2
557,5,2018,2,0.17,2
558,6,2018,2,0.02,2
559,7,2018,2,0.02,2
560,10,2018,2,0.02,2
561,12,2018,2,0.06,2
562,13,2018,2,0.01,2
563,14,2018,2,0.05,2
564,16,2018,2,0.02,2
565,17,2018,2,0.22,2
566,18,2018,2,0.01,2
567,19,2018,2,0.07,2
568,20,2018,2,0.01,2
569,21,2018,2,0.48,2
570,22,2018,2,1.5,2
571,24,2018,2,0.01,2
572,25,2018,2,0.33,2
573,26,2018,2,0.19,2
574,27,2018,2,0.01,2
575,28,2018,2,0.13,2
576,29,2018,2,1.8,2
577,31,2018,2,0.48,2
578,32,2018,2,0.31,2
579,33,2018,2,0.06,2
580,36,2018,2,0.01,2
581,37,2018,2,0.4,2
582,38,2018,2,0.05,2
583,39,2018,2,1.6,2
584,40,2018,2,0.01,2
585,41,2018,2,0.05,2
586,43,2018,2,0.01,2
587,45,2018,2,1.3,2
588,46,2018,2,0.01,2
589,47,2018,2,0.05,2
590,48,2018,2,0.12,2
591,49,2018,2,0.06,2
592,50,2018,2,0.05,2
593,51,2018,2,0.07,2
594,52,2018,2,0.18,2
595,53,2018,2,0.05,2
596,54,2018,2,0.01,2
597,55,2018,2,0.24,2
598,56,2018,2,1.1,2
599,58,2018,2,0.01,2
600,59,2018,2,0.05,2
601,60,2018,2,0.12,2
602,61,2018,2,0.1,2
603,62,2018,2,0.05,2
604,63,2018,2,0.05,2
605,64,2018,2,1.4,2
606,66,2018,2,0.22,2
607,67,2018,2,0.43,2
608,68,2018,2,0.18,2
609,69,2018,2,0.02,2
610,70,2018,2,0.27,2
611,71,2018,2,0.08,2
612,72,2018,2,0.01,2
613,73,2018,2,0.01,2
614,75,2018,2,3.8,2
615,76,2018,2,0.26,2
616,77,2018,2,0.01,2
617,78,2018,2,0.01,2
618,79,2018,2,0.07,2
619,80,2018,2,0.15,2
620,82,2018,2,0.01,2
621,83,2018,2,0.05,2
622,84,2018,2,2.5,2
623,85,2018,2,0.01,2
624,86,2018,2,0.02,2
625,87,2018,2,0.05,2
626,88,2018,2,0.01,2
627,89,2018,2,0.01,2
628,90,2018,2,0.61,2
629,91,2018,2,0.18,2
630,92,2018,2,0.02,2
631,94,2018,2,0.01,2
632,95,2018,2,0.17,2
633,96,2018,2,1.3,2
634,97,2018,2,0.26,2
635,99,2018,2,0.65,2
636,101,2018,2,0.05,2
637,102,2018,2,0.06,2
638,104,2018,2,0.01,2
639,105,2018,2,0.01,2
640,106,2018,2,0.05,2
641,107,2018,2,5.4,2
642,108,2018,2,0.78,2
643,109,2018,2,0.27,2
644,110,2018,2,0.09,2
645,112,2018,2,0.01,2
646,113,2018,2,0.02,2
647,114,2018,2,0.12,2
648,115,2018,2,5.3,2
649,116,2018,2,0.01,2
650,117,2018,2,0.01,2
651,118,2018,2,0.64,2
652,119,2018,2,0.05,2
653,121,2018,2,0.07,2
654,122,2018,2,0.1,2
655,123,2018,2,0.12,2
656,125,2018,2,0.05,2
657,128,2018,2,0.06,2
658,129,2018,2,0.01,2
659,130,2018,2,0.02,2
660,132,2018,2,0.29,2
661,134,2018,2,0.13,2
662,135,2018,2,0.01,2
663,136,2018,2,0.21,2
664,137,2018,2,0.01,2
665,138,2018,2,0.01,2
666,139,2018,2,0.01,2
667,140,2018,2,0.07,2
668,141,2018,2,7.1,2
669,142,2018,2,0.99,2
670,144,2018,2,0.02,2
671,145,2018,2,0.29,2
672,146,2018,2,0.01,2
673,149,2018,2,0.01,2
674,150,2018,2,0.05,2
675,151,2018,2,1.8,2
676,153,2018,2,0.38,2
677,155,2018,2,0.01,2
678,158,2018,2,2.3,2
679,159,2018,2,0.61,2
680,162,2018,2,2.4,2
681,164,2018,2,0.02,2
682,165,2018,2,0.13,2
683,167,2018,2,0.47,2
684,168,2018,2,0.05,2
685,169,2018,2,1.7,2
686,170,2018,2,2.2,2
687,1,2010,2,0.05,2
688,3,2010,2,0.02,2
689,4,2010,2,1.0,2
690,5,2010,2,0.16,2
691,6,2010,2,0.02,2
692,7,2010,2,0.05,2
693,10,2010,2,0.02,2
694,12,2010,2,0.05,2
695,13,2010,2,0.01,2
696,14,2010,2,0.02,2
697,16,2010,2,0.02,2
698,17,2010,2,0.2,2
699,18,2010,2,0.01,2
700,19,2010,2,0.16,2
701,20,2010,2,0.01,2
702,21,2010,2,0.73,2
703,22,2010,2,1.5,2
704,24,2010,2,0.01,2
705,25,2010,2,0.48,2
706,26,2010,2,0.52,2
707,27,2010,2,0.01,2
708,28,2010,2,0.25,2
709,29,2010,2,2.2,2
710,31,2010,2,0.78,2
711,32,2010,2,0.35,2
712,36,2010,2,0.01,2
713,37,2010,2,0.39,2
714,38,2010,2,0.05,2
715,39,2010,2,2.4,2
716,40,2010,2,0.01,2
717,41,2010,2,0.05,2
718,43,2010,2,0.01,2
719,45,2010,2,3.4,2
720,46,2010,2,0.01,2
721,47,2010,2,0.06,2
722,48,2010,2,0.3,2
723,49,2010,2,0.11,2
724,50,2010,2,0.02,2
725,51,2010,2,0.05,2
726,52,2010,2,0.14,2
727,53,2010,2,0.06,2
728,54,2010,2,0.02,2
729,55,2010,2,0.38,2
730,56,2010,2,2.0,2
731,58,2010,2,0.01,2
732,59,2010,2,0.06,2
733,60,2010,2,0.16,2
734,61,2010,2,0.1,2
735,62,2010,2,0.01,2
736,63,2010,2,0.05,2
737,64,2010,2,1.7,2
738,66,2010,2,0.17,2
739,67,2010,2,0.41,2
740,68,2010,2,0.19,2
741,69,2010,2,0.01,2
742,70,2010,2,0.49,2
743,71,2010,2,0.14,2
744,72,2010,2,0.01,2
745,73,2010,2,0.01,2
746,75,2010,2,2.4,2
747,76,2010,2,0.24,2
748,77,2010,2,0.01,2
749,78,2010,2,0.01,2
750,79,2010,2,0.08,2
751,80,2010,2,0.18,2
752,82,2010,2,0.01,2
753,83,2010,2,0.05,2
754,84,2010,2,5.6,2
755,85,2010,2,0.01,2
756,86,2010,2,0.02,2
757,87,2010,2,0.05,2
758,88,2010,2,0.02,2
759,89,2010,2,0.01,2
760,90,2010,2,0.72,2
761,91,2010,2,0.27,2
762,92,2010,2,0.01,2
763,94,2010,2,0.01,2
764,95,2010,2,0.14,2
765,96,2010,2,2.9,2
766,97,2010,2,0.29,2
767,99,2010,2,0.53,2
768,101,2010,2,0.05,2
769,102,2010,2,0.05,2
770,104,2010,2,0.01,2
771,105,2010,2,0.01,2
772,106,2010,2,0.06,2
773,107,2010,2,6.4,2
774,108,2010,2,1.1,2
775,109,2010,2,0.35,2
776,110,2010,2,0.14,2
777,111,2010,2,0.02,2
778,112,2010,2,0.01,2
779,113,2010,2,0.05,2
780,114,2010,2,0.17,2
781,115,2010,2,7.2,2
782,116,2010,2,0.01,2
783,117,2010,2,0.01,2
784,118,2010,2,0.14,2
785,119,2010,2,0.05,2
786,121,2010,2,0.08,2
787,122,2010,2,0.21,2
788,123,2010,2,0.05,2
789,125,2010,2,0.09,2
790,128,2010,2,0.07,2
791,129,2010,2,0.01,2
792,130,2010,2,0.02,2
793,132,2010,2,0.57,2
794,134,2010,2,0.13,2
795,135,2010,2,0.01,2
796,136,2010,2,0.29,2
797,137,2010,2,0.01,2
798,138,2010,2,0.01,2
799,139,2010,2,0.01,2
800,140,2010,2,0.14,2
801,141,2010,2,14.0,2
802,142,2010,2,0.98,2
803,143,2010,2,0.13,2
804,144,2010,2,0.05,2
805,145,2010,2,0.19,2
806,146,2010,2,0.02,2
807,149,2010,2,0.01,2
808,150,2010,2,0.05,2
809,151,2010,2,2.7,2
810,153,2010,2,0.57,2
811,155,2010,2,0.01,2
812,158,2010,2,5.6,2
813,159,2010,2,1.2,2
814,162,2010,2,4.8,2
815,164,2010,2,0.05,2
816,165,2010,2,0.18,2
817,167,2010,2,0.85,2
818,168,2010,2,0.02,2
819,169,2010,2,2.6,2
820,170,2010,2,5.4,2
821,1,2000,2,0.01,2
822,3,2000,2,0.01,2
823,4,2000,2,0.48,2
824,5,2000,2,0.14,2
825,6,2000,2,0.01,2
826,7,2000,2,0.05,2
827,10,2000,2,0.05,2
828,12,2000,2,0.01,2
829,13,2000,2,0.01,2
830,14,2000,2,0.01,2
831,16,2000,2,0.01,2
832,17,2000,2,0.24,2
833,18,2000,2,0.01,2
834,19,2000,2,0.07,2
835,20,2000,2,0.01,2
836,21,2000,2,1.5,2
837,22,2000,2,1.5,2
838,24,2000,2,0.01,2
839,25,2000,2,1.2,2
840,26,2000,2,1.1,2
841,27,2000,2,0.02,2
842,28,2000,2,0.45,2
843,29,2000,2,1.9,2
844,31,2000,2,1.1,2
845,32,2000,2,0.56,2
846,36,2000,2,0.01,2
847,37,2000,2,0.61,2
848,38,2000,2,0.05,2
849,39,2000,2,4.4,2
850,40,2000,2,0.01,2
851,41,2000,2,0.02,2
852,43,2000,2,0.01,2
853,45,2000,2,4.3,2
854,46,2000,2,0.01,2
855,47,2000,2,0.05,2
856,48,2000,2,0.48,2
857,49,2000,2,0.15,2
858,50,2000,2,0.01,2
859,51,2000,2,0.08,2
860,52,2000,2,0.07,2
861,53,2000,2,0.11,2
862,54,2000,2,0.01,2
863,55,2000,2,0.5,2
864,56,2000,2,5.8,2
865,58,2000,2,0.01,2
866,59,2000,2,0.09,2
867,60,2000,2,0.16,2
868,61,2000,2,0.05,2
869,62,2000,2,0.01,2
870,63,2000,2,0.09,2
871,64,2000,2,1.8,2
872,66,2000,2,0.24,2
873,67,2000,2,0.5,2
874,68,2000,2,0.11,2
875,69,2000,2,0.01,2
876,70,2000,2,1.2,2
877,71,2000,2,0.32,2
878,72,2000,2,0.01,2
879,73,2000,2,0.01,2
880,75,2000,2,0.19,2
881,76,2000,2,0.05,2
882,77,2000,2,0.01,2
883,78,2000,2,0.01,2
884,79,2000,2,0.12,2
885,80,2000,2,0.24,2
886,82,2000,2,0.01,2
887,83,2000,2,0.01,2
888,84,2000,2,12.0,2
889,85,2000,2,0.01,2
890,86,2000,2,0.01,2
891,87,2000,2,0.01,2
892,88,2000,2,0.01,2
893,89,2000,2,0.01,2
894,90,2000,2,1.2,2
895,91,2000,2,0.3,2
896,92,2000,2,0.01,2
897,94,2000,2,0.01,2
898,95,2000,2,0.05,2
899,96,2000,2,5.7,2
900,97,2000,2,0.27,2
901,99,2000,2,0.77,2
902,101,2000,2,0.05,2
903,102,2000,2,0.01,2
904,104,2000,2,0.01,2
905,105,2000,2,0.01,2
906,106,2000,2,0.05,2
907,107,2000,2,4.0,2
908,108,2000,2,0.58,2
909,109,2000,2,0.73,2
910,110,2000,2,0.05,2
911,111,2000,2,0.02,2
912,112,2000,2,0.01,2
913,113,2000,2,0.01,2
914,114,2000,2,0.23,2
915,115,2000,2,7.8,2
916,116,2000,2,0.01,2
917,117,2000,2,0.01,2
918,118,2000,2,0.01,2
919,119,2000,2,0.05,2
920,121,2000,2,0.05,2
921,122,2000,2,0.51,2
922,123,2000,2,0.01,2
923,125,2000,2,0.11,2
924,128,2000,2,0.05,2
925,129,2000,2,0.01,2
926,130,2000,2,0.05,2
927,132,2000,2,1.8,2
928,134,2000,2,0.17,2
929,135,2000,2,0.02,2
930,136,2000,2,0.24,2
931,138,2000,2,0.01,2
932,139,2000,2,0.01,2
933,140,2000,2,0.08,2
934,141,2000,2,10.0,2
935,142,2000,2,0.51,2
936,143,2000,2,0.18,2
937,144,2000,2,0.01,2
938,145,2000,2,0.07,2
939,146,2000,2,0.02,2
940,149,2000,2,0.01,2
941,150,2000,2,0.01,2
942,151,2000,2,5.4,2
943,153,2000,2,0.56,2
944,155,2000,2,0.01,2
945,158,2000,2,8.5,2
946,159,2000,2,0.45,2
947,162,2000,2,8.0,2
948,164,2000,2,0.05,2
949,165,2000,2,0.08,2
950,167,2000,2,0.61,2
951,168,2000,2,0.01,2
952,169,2000,2,6.2,2
953,170,2000,2,12.0,2
954,1,2018,3,11.0,2
955,3,2018,3,74.0,2
956,4,2018,3,38.0,2
957,5,2018,3,95.0,2
958,10,2018,3,58.0,2
959,12,2018,3,28.0,2
960,14,2018,3,90.0,2
961,16,2018,3,44.0,2
962,17,2018,3,95.0,2
963,19,2018,3,95.0,2
964,21,2018,3,95.0,2
965,25,2018,3,95.0,2
966,26,2018,3,80.0,2
967,28,2018,3,85.0,2
968,29,2018,3,80.0,2
969,31,2018,3,71.0,2
970,32,2018,3,56.0,2
971,33,2018,3,95.0,2
972,35,2018,3,21.0,2
973,37,2018,3,25.0,2
974,39,2018,3,90.0,2
975,41,2018,3,95.0,2
976,45,2018,3,44.0,2
977,47,2018,3,30.0,2
978,48,2018,3,84.0,2
979,49,2018,3,95.0,2
980,50,2018,3,16.0,2
981,51,2018,3,40.0,2
982,52,2018,3,50.0,2
983,53,2018,3,48.0,2
984,55,2018,3,79.0,2
985,56,2018,3,92.0,2
986,60,2018,3,72.0,2
987,61,2018,3,68.0,2
988,64,2018,3,79.0,2
989,66,2018,3,34.0,2
990,67,2018,3,65.0,2
991,68,2018,3,48.0,2
992,69,2018,3,89.0,2
993,70,2018,3,83.0,2
994,71,2018,3,59.0,2
995,75,2018,3,15.0,2
996,76,2018,3,81.0,2
997,80,2018,3,95.0,2
998,83,2018,3,59.0,2
999,84,2018,3,91.0,2
1000,86,2018,3,88.0,2
1001,87,2018,3,35.0,2
1002,90,2018,3,77.0,2
1003,91,2018,3,93.0,2
1004,92,2018,3,63.0,2
1005,95,2018,3,25.0,2
1006,96,2018,3,95.0,2
1007,97,2018,3,95.0,2
1008,99,2018,3,24.0,2
1009,101,2018,3,38.0,2
1010,102,2018,3,95.0,2
1011,106,2018,3,61.0,2
1012,107,2018,3,95.0,2
1013,108,2018,3,80.0,2
1014,109,2018,3,95.0,2
1015,110,2018,3,51.0,2
1016,113,2018,3,90.0,2
1017,114,2018,3,58.0,2
1018,115,2018,3,44.0,2
1019,118,2018,3,10.0,2
1020,119,2018,3,92.0,2
1021,120,2018,3,79.0,2
1022,121,2018,3,88.0,2
1023,122,2018,3,85.0,2
1024,123,2018,3,18.0,2
1025,128,2018,3,73.0,2
1026,130,2018,3,95.0,2
1027,132,2018,3,95.0,2
1028,134,2018,3,65.0,2
1029,140,2018,3,19.0,2
1030,141,2018,3,87.0,2
1031,142,2018,3,56.0,2
1032,145,2018,3,5.0,2
1033,146,2018,3,95.0,2
1034,150,2018,3,46.0,2
1035,151,2018,3,95.0,2
1036,153,2018,3,80.0,2
1037,158,2018,3,93.0,2
1038,159,2018,3,95.0,2
1039,162,2018,3,93.0,2
1040,164,2018,3,95.0,2
1041,165,2018,3,35.0,2
1042,167,2018,3,81.0,2
1043,168,2018,3,13.0,2
1044,169,2018,3,95.0,2
1045,170,2018,3,94.0,2
