id_pays,annee,mortalite_min,mortalite_median,mortalite_max,id_unite
1,2018,200,500,610,1
3,2018,200,200,200,1
4,2018,9500,14000,18000,1
5,2018,1300,1700,2100,1
6,2018,100,200,200,1
7,2018,200,200,500,1
10,2018,200,200,500,1
12,2018,500,580,680,1
13,2018,100,100,100,1
14,2018,200,500,500,1
16,2018,200,200,500,1
17,2018,1100,2200,4400,1
18,2018,100,100,200,1
19,2018,550,670,760,1
20,2018,100,100,100,1
21,2018,4100,4800,5700,1
22,2018,11000,15000,19000,1
24,2018,100,100,100,1
25,2018,2400,3300,4400,1
26,2018,1400,1900,2500,1
27,2018,100,100,100,1
28,2018,920,1300,1900,1
29,2018,15000,18000,21000,1
31,2018,3700,4800,6400,1
32,2018,2000,3100,4500,1
33,2018,500,590,770,1
36,2018,100,100,100,1
37,2018,2800,4000,5400,1
38,2018,200,500,500,1
39,2018,11000,16000,23000,1
40,2018,100,100,100,1
41,2018,500,500,580,1
43,2018,100,100,100,1
45,2018,10000,13000,17000,1
46,2018,100,100,100,1
47,2018,500,500,550,1
48,2018,750,1200,1900,1
49,2018,500,620,1500,1
50,2018,500,500,500,1
51,2018,500,700,1000,1
52,2018,1200,1800,2600,1
53,2018,500,500,890,1
54,2018,100,100,200,1
55,2018,2000,2400,2900,1
56,2018,6800,11000,19000,1
58,2018,100,100,100,1
59,2018,500,500,540,1
60,2018,790,1200,1700,1
61,2018,650,980,1400,1
62,2018,200,500,500,1
63,2018,500,500,670,1
64,2018,11000,14000,18000,1
66,2018,2000,2200,2400,1
67,2018,3300,4300,5400,1
68,2018,1400,1800,2100,1
69,2018,100,200,200,1
70,2018,2200,2700,3600,1
71,2018,540,780,1100,1
72,2018,100,100,100,1
73,2018,100,100,100,1
75,2018,33000,38000,43000,1
76,2018,1400,2600,5100,1
77,2018,100,100,100,1
78,2018,100,100,100,1
79,2018,510,710,930,1
80,2018,1300,1500,1800,1
82,2018,100,100,100,1
83,2018,500,500,530,1
84,2018,18000,25000,38000,1
85,2018,100,100,100,1
86,2018,200,200,500,1
87,2018,500,500,500,1
88,2018,100,100,100,1
89,2018,100,100,100,1
90,2018,5000,6100,7600,1
91,2018,1700,1800,1900,1
92,2018,200,200,200,1
94,2018,100,100,100,1
95,2018,1200,1700,2300,1
96,2018,11000,13000,16000,1
97,2018,2100,2600,3300,1
99,2018,5000,6500,8700,1
101,2018,200,500,500,1
102,2018,500,610,820,1
104,2018,100,100,100,1
105,2018,100,100,100,1
106,2018,500,500,600,1
107,2018,39000,54000,73000,1
108,2018,5900,7800,11000,1
109,2018,2300,2700,3200,1
110,2018,700,910,1200,1
112,2018,100,100,100,1
113,2018,200,200,500,1
114,2018,970,1200,1700,1
115,2018,31000,53000,89000,1
116,2018,100,100,100,1
117,2018,100,100,100,1
118,2018,5200,6400,7600,1
119,2018,500,500,530,1
121,2018,500,720,1200,1
122,2018,650,1000,1900,1
123,2018,800,1200,1700,1
125,2018,500,500,500,1
128,2018,500,570,860,1
129,2018,100,100,100,1
130,2018,100,200,200,1
132,2018,2400,2900,3500,1
134,2018,1000,1300,1600,1
135,2018,100,100,100,1
136,2018,1600,2100,2800,1
137,2018,100,100,100,1
138,2018,100,100,100,1
139,2018,100,100,100,1
140,2018,530,710,1000,1
141,2018,52000,71000,91000,1
142,2018,6900,9900,13000,1
144,2018,200,200,500,1
145,2018,1400,2900,5200,1
146,2018,100,100,200,1
149,2018,100,100,100,1
150,2018,500,500,500,1
151,2018,13000,18000,26000,1
153,2018,3300,3800,4200,1
155,2018,100,100,200,1
158,2018,19000,23000,31000,1
159,2018,4700,6100,8000,1
162,2018,20000,24000,29000,1
164,2018,100,200,500,1
165,2018,1100,1300,1500,1
167,2018,3200,4700,6200,1
168,2018,200,500,520,1
169,2018,13000,17000,22000,1
170,2018,17000,22000,27000,1
1,2010,200,500,500,1
3,2010,100,200,200,1
4,2010,7300,10000,13000,1
5,2010,1300,1600,2000,1
6,2010,200,200,200,1
7,2010,200,500,500,1
10,2010,200,200,500,1
12,2010,500,500,500,1
13,2010,100,100,100,1
14,2010,100,200,500,1
16,2010,100,200,200,1
17,2010,980,2000,4100,1
18,2010,100,100,500,1
19,2010,1500,1600,1800,1
20,2010,100,100,100,1
21,2010,6500,7300,8000,1
22,2010,11000,15000,19000,1
24,2010,100,100,100,1
25,2010,3600,4800,6300,1
26,2010,4100,5200,6400,1
27,2010,100,100,100,1
28,2010,1900,2500,3400,1
29,2010,19000,22000,25000,1
31,2010,6400,7800,9400,1
32,2010,2600,3500,4800,1
36,2010,100,100,100,1
37,2010,3100,3900,4800,1
38,2010,200,500,500,1
39,2010,17000,24000,34000,1
40,2010,100,100,100,1
41,2010,200,500,500,1
43,2010,100,100,100,1
45,2010,27000,34000,40000,1
46,2010,100,100,100,1
47,2010,500,630,780,1
48,2010,2100,3000,4300,1
49,2010,520,1100,2200,1
50,2010,200,200,500,1
51,2010,500,500,730,1
52,2010,970,1400,1900,1
53,2010,500,620,980,1
54,2010,200,200,200,1
55,2010,3400,3800,4200,1
56,2010,12000,20000,35000,1
58,2010,100,100,100,1
59,2010,500,600,780,1
60,2010,1100,1600,2100,1
61,2010,660,970,1400,1
62,2010,100,100,100,1
63,2010,500,500,720,1
64,2010,14000,17000,19000,1
66,2010,1500,1700,1900,1
67,2010,3300,4100,5000,1
68,2010,1500,1900,2200,1
69,2010,100,100,200,1
70,2010,3800,4900,6600,1
71,2010,990,1400,1800,1
72,2010,100,100,100,1
73,2010,100,100,100,1
75,2010,19000,24000,28000,1
76,2010,1700,2400,3500,1
77,2010,100,100,100,1
78,2010,100,100,100,1
79,2010,620,830,1100,1
80,2010,1500,1800,2100,1
82,2010,100,100,100,1
83,2010,500,500,500,1
84,2010,41000,56000,86000,1
85,2010,100,100,100,1
86,2010,100,200,200,1
87,2010,500,500,500,1
88,2010,200,200,200,1
89,2010,100,100,100,1
90,2010,5600,7200,10000,1
91,2010,2600,2700,2900,1
92,2010,100,100,200,1
94,2010,100,100,100,1
95,2010,1000,1400,1700,1
96,2010,25000,29000,33000,1
97,2010,2400,2900,3300,1
99,2010,4100,5300,6700,1
101,2010,500,500,500,1
102,2010,500,500,680,1
104,2010,100,100,100,1
105,2010,100,100,100,1
106,2010,500,550,840,1
107,2010,46000,64000,87000,1
108,2010,9600,11000,13000,1
109,2010,3000,3500,3900,1
110,2010,1200,1400,1700,1
111,2010,200,200,500,1
112,2010,100,100,100,1
113,2010,200,500,500,1
114,2010,1300,1700,2100,1
115,2010,42000,72000,120000,1
116,2010,100,100,100,1
117,2010,100,100,100,1
118,2010,870,1400,1900,1
119,2010,500,500,570,1
121,2010,540,790,1200,1
122,2010,1400,2100,3300,1
123,2010,200,500,500,1
125,2010,730,930,1200,1
128,2010,510,740,1100,1
129,2010,100,100,100,1
130,2010,100,200,200,1
132,2010,4700,5700,7100,1
134,2010,1000,1300,1800,1
135,2010,100,100,100,1
136,2010,2400,2900,3600,1
137,2010,100,100,200,1
138,2010,100,100,100,1
139,2010,100,100,100,1
140,2010,1200,1400,1700,1
141,2010,110000,140000,170000,1
142,2010,7300,9800,13000,1
143,2010,1100,1300,1700,1
144,2010,200,500,500,1
145,2010,1300,1900,2600,1
146,2010,100,200,500,1
149,2010,100,100,100,1
150,2010,500,500,560,1
151,2010,19000,27000,36000,1
153,2010,5100,5700,6300,1
155,2010,100,100,100,1
158,2010,48000,56000,66000,1
159,2010,10000,12000,15000,1
162,2010,42000,48000,53000,1
164,2010,200,500,500,1
165,2010,1700,1800,1900,1
167,2010,6400,8500,9800,1
168,2010,100,200,500,1
169,2010,21000,26000,35000,1
170,2010,43000,54000,68000,1
1,2000,100,100,500,1
3,2000,100,100,100,1
4,2000,3500,4800,6400,1
5,2000,1200,1400,1700,1
6,2000,100,100,100,1
7,2000,200,500,500,1
10,2000,500,500,500,1
12,2000,100,100,100,1
13,2000,100,100,100,1
14,2000,100,100,100,1
16,2000,100,100,100,1
17,2000,1200,2400,4900,1
18,2000,100,100,100,1
19,2000,500,670,830,1
20,2000,100,100,100,1
21,2000,13000,15000,18000,1
22,2000,11000,15000,20000,1
24,2000,100,100,100,1
25,2000,9300,12000,15000,1
26,2000,7800,11000,13000,1
27,2000,100,200,200,1
28,2000,3200,4500,5800,1
29,2000,15000,19000,24000,1
31,2000,8400,11000,14000,1
32,2000,3800,5600,7700,1
36,2000,100,100,100,1
37,2000,4700,6100,7800,1
38,2000,500,500,500,1
39,2000,32000,44000,63000,1
40,2000,100,100,100,1
41,2000,200,200,500,1
43,2000,100,100,100,1
45,2000,35000,43000,49000,1
46,2000,100,100,100,1
47,2000,500,500,690,1
48,2000,3100,4800,7100,1
49,2000,620,1500,2600,1
50,2000,100,100,100,1
51,2000,580,810,1000,1
52,2000,500,680,1000,1
53,2000,690,1100,1500,1
54,2000,100,100,100,1
55,2000,4000,5000,6100,1
56,2000,35000,58000,100000,1
58,2000,100,100,100,1
59,2000,720,880,1000,1
60,2000,1100,1600,2300,1
61,2000,500,500,620,1
62,2000,100,100,100,1
63,2000,690,880,1100,1
64,2000,15000,18000,22000,1
66,2000,2000,2400,2700,1
67,2000,3400,5000,7000,1
68,2000,850,1100,1400,1
69,2000,100,100,200,1
70,2000,9400,12000,15000,1
71,2000,2300,3200,4000,1
72,2000,100,100,100,1
73,2000,100,100,100,1
75,2000,1200,1900,2500,1
76,2000,500,500,1400,1
77,2000,100,100,100,1
78,2000,100,100,100,1
79,2000,1000,1200,1500,1
80,2000,1900,2400,3100,1
82,2000,100,100,100,1
83,2000,100,100,100,1
84,2000,88000,120000,190000,1
85,2000,100,100,100,1
86,2000,100,100,100,1
87,2000,100,100,100,1
88,2000,100,100,200,1
89,2000,100,100,100,1
90,2000,9000,12000,16000,1
91,2000,2600,3000,3400,1
92,2000,100,100,100,1
94,2000,100,100,100,1
95,2000,200,500,930,1
96,2000,49000,57000,65000,1
97,2000,2200,2700,3200,1
99,2000,5600,7700,9800,1
101,2000,200,500,500,1
102,2000,100,100,200,1
104,2000,100,100,100,1
105,2000,100,100,100,1
106,2000,500,500,680,1
107,2000,29000,40000,54000,1
108,2000,4600,5800,6800,1
109,2000,5700,7300,9100,1
110,2000,500,500,500,1
111,2000,200,200,200,1
112,2000,100,100,100,1
113,2000,100,100,500,1
114,2000,1700,2300,3000,1
115,2000,45000,78000,130000,1
116,2000,100,100,100,1
117,2000,100,100,100,1
118,2000,100,100,100,1
119,2000,500,500,500,1
121,2000,200,500,920,1
122,2000,3800,5100,7000,1
123,2000,100,100,100,1
125,2000,890,1100,1400,1
128,2000,500,500,500,1
129,2000,100,100,100,1
130,2000,500,500,500,1
132,2000,14000,18000,22000,1
134,2000,1300,1700,2300,1
135,2000,100,200,200,1
136,2000,1600,2400,3300,1
138,2000,100,100,100,1
139,2000,100,100,100,1
140,2000,560,810,1100,1
141,2000,68000,100000,140000,1
142,2000,2600,5100,7500,1
143,2000,1500,1800,2300,1
144,2000,100,100,100,1
145,2000,500,650,1700,1
146,2000,100,200,500,1
149,2000,100,100,100,1
150,2000,100,100,100,1
151,2000,45000,54000,62000,1
153,2000,5000,5600,6300,1
155,2000,100,100,100,1
158,2000,75000,85000,99000,1
159,2000,3100,4500,6200,1
162,2000,69000,80000,90000,1
164,2000,100,500,500,1
165,2000,740,840,920,1
167,2000,4300,6100,7800,1
168,2000,100,100,200,1
169,2000,49000,62000,81000,1
170,2000,98000,120000,150000,1
