id_pays ,population_hiv_median ,population_hiv_min ,population_hiv_max ,couverture_median ,couverture_min ,couverture_max ,id_type_traitement
      1 ,                 7200 ,              4100 ,             11000 ,               13 ,             7 ,            20 ,                 1
      3 ,                16000 ,             15000 ,             17000 ,               81 ,            75 ,            86 ,                 1
      4 ,               330000 ,            290000 ,            390000 ,               27 ,            23 ,            31 ,                 1
      5 ,               140000 ,            130000 ,            150000 ,               61 ,            55 ,            67 ,                 1
      6 ,                 3500 ,              3000 ,              4400 ,               53 ,            44 ,            65 ,                 1
      7 ,                28000 ,             23000 ,             31000 ,               83 ,            70 ,            93 ,                 1
     10 ,                 6000 ,              5300 ,              6700 ,               52 ,            45 ,            58 ,                 1
     12 ,                14000 ,             12000 ,             16000 ,               22 ,            19 ,            25 ,                 1
     13 ,                 3000 ,              2700 ,              3400 ,               50 ,            44 ,            57 ,                 1
     14 ,                27000 ,             22000 ,             34000 ,               59 ,            48 ,            75 ,                 1
     16 ,                 4900 ,              4400 ,              5400 ,               28 ,            26 ,            31 ,                 1
     17 ,                73000 ,             48000 ,            120000 ,               61 ,            40 ,            95 ,                 1
     18 ,                 1300 ,               700 ,              2700 ,               37 ,            20 ,            78 ,                 1
     19 ,                22000 ,             20000 ,             24000 ,               44 ,            40 ,            48 ,                 1
     20 ,                  500 ,               500 ,               500 ,               67 ,            57 ,            78 ,                 1
     21 ,               370000 ,            330000 ,            400000 ,               83 ,            75 ,            90 ,                 1
     22 ,               900000 ,            690000 ,           1100000 ,               66 ,            51 ,            82 ,                 1
     24 ,                 3500 ,              3000 ,              4100 ,               41 ,            35 ,            48 ,                 1
     25 ,                96000 ,             78000 ,            120000 ,               62 ,            50 ,            75 ,                 1
     26 ,                82000 ,             71000 ,             97000 ,               80 ,            69 ,            94 ,                 1
     27 ,                 2400 ,              2100 ,              2900 ,               89 ,            75 ,            95 ,                 1
     28 ,                73000 ,             64000 ,             84000 ,               81 ,            71 ,            93 ,                 1
     29 ,               540000 ,            470000 ,            590000 ,               52 ,            46 ,            57 ,                 1
     31 ,               110000 ,             90000 ,            140000 ,               36 ,            30 ,            45 ,                 1
     32 ,               120000 ,             94000 ,            150000 ,               51 ,            40 ,            63 ,                 1
     33 ,                71000 ,             63000 ,             78000 ,               63 ,            56 ,            70 ,                 1
     35 ,               160000 ,            130000 ,            180000 ,               73 ,            60 ,            86 ,                 1
     36 ,                  200 ,               100 ,               500 ,               79 ,            39 ,            95 ,                 1
     37 ,                89000 ,             69000 ,            120000 ,               35 ,            27 ,            46 ,                 1
     38 ,                15000 ,             13000 ,             17000 ,               49 ,            44 ,            54 ,                 1
     39 ,               460000 ,            360000 ,            580000 ,               55 ,            44 ,            70 ,                 1
     40 ,                 1600 ,              1400 ,              1700 ,               75 ,            67 ,            83 ,                 1
     41 ,                31000 ,             24000 ,             37000 ,               72 ,            55 ,            85 ,                 1
     43 ,                 4400 ,              3700 ,              5000 ,               60 ,            51 ,            68 ,                 1
     45 ,               450000 ,            370000 ,            530000 ,               57 ,            47 ,            67 ,                 1
     46 ,                 6200 ,              5600 ,              7000 ,               89 ,            79 ,            95 ,                 1
     47 ,                 8800 ,              7100 ,             11000 ,               30 ,            25 ,            38 ,                 1
     48 ,                70000 ,             54000 ,             92000 ,               56 ,            43 ,            73 ,                 1
     49 ,                44000 ,             29000 ,             71000 ,               57 ,            38 ,            93 ,                 1
     50 ,                22000 ,             20000 ,             24000 ,               31 ,            28 ,            33 ,                 1
     51 ,                25000 ,             21000 ,             30000 ,               47 ,            39 ,            55 ,                 1
     52 ,                62000 ,             50000 ,             81000 ,               34 ,            27 ,            44 ,                 1
     53 ,                18000 ,             13000 ,             24000 ,               51 ,            38 ,            68 ,                 1
     54 ,                 7400 ,              6600 ,              8200 ,               59 ,            53 ,            66 ,                 1
     55 ,               210000 ,            190000 ,            220000 ,               86 ,            80 ,            94 ,                 1
     56 ,               690000 ,            530000 ,            900000 ,               65 ,            50 ,            85 ,                 1
     58 ,                 4000 ,              3100 ,              4900 ,               76 ,            60 ,            95 ,                 1
     59 ,               180000 ,            150000 ,            210000 ,               83 ,            69 ,            95 ,                 1
     60 ,                53000 ,             43000 ,             67000 ,               67 ,            54 ,            85 ,                 1
     61 ,                26000 ,             21000 ,             33000 ,               29 ,            24 ,            38 ,                 1
     62 ,                 9400 ,              8100 ,             11000 ,               49 ,            42 ,            57 ,                 1
     63 ,                87000 ,             71000 ,            100000 ,               80 ,            65 ,            93 ,                 1
     64 ,               330000 ,            280000 ,            390000 ,               34 ,            28 ,            39 ,                 1
     66 ,                47000 ,             43000 ,             51000 ,               43 ,            40 ,            47 ,                 1
     67 ,               120000 ,            100000 ,            140000 ,               40 ,            34 ,            48 ,                 1
     68 ,                44000 ,             39000 ,             49000 ,               33 ,            29 ,            37 ,                 1
     69 ,                 8200 ,              7200 ,              9400 ,               68 ,            60 ,            78 ,                 1
     70 ,               160000 ,            140000 ,            180000 ,               58 ,            52 ,            65 ,                 1
     71 ,                23000 ,             18000 ,             28000 ,               50 ,            40 ,            61 ,                 1
     72 ,                 3700 ,              3200 ,              4200 ,               56 ,            48 ,            63 ,                 1
     73 ,                  500 ,               500 ,               500 ,               79 ,            71 ,            87 ,                 1
     75 ,               640000 ,            550000 ,            750000 ,               17 ,            15 ,            20 ,                 1
     76 ,                61000 ,             34000 ,            120000 ,               20 ,            11 ,            39 ,                 1
     77 ,                 7200 ,              6200 ,              8000 ,               80 ,            69 ,            89 ,                 1
     79 ,               130000 ,            110000 ,            140000 ,               91 ,            78 ,            95 ,                 1
     80 ,                40000 ,             35000 ,             46000 ,               31 ,            27 ,            36 ,                 1
     81 ,                30000 ,             25000 ,             34000 ,               80 ,            68 ,            92 ,                 1
     82 ,                  500 ,               500 ,               500 ,               84 ,            76 ,            95 ,                 1
     83 ,                26000 ,             24000 ,             27000 ,               58 ,            54 ,            62 ,                 1
     84 ,              1600000 ,           1300000 ,           1900000 ,               68 ,            58 ,            82 ,                 1
     85 ,                  640 ,               580 ,               700 ,               62 ,            55 ,            67 ,                 1
     86 ,                 8500 ,              6500 ,             12000 ,               43 ,            33 ,            59 ,                 1
     87 ,                12000 ,             11000 ,             14000 ,               54 ,            48 ,            62 ,                 1
     88 ,                 5300 ,              4800 ,              5900 ,               45 ,            41 ,            50 ,                 1
     89 ,                 2500 ,              2200 ,              2800 ,               60 ,            53 ,            67 ,                 1
     90 ,               340000 ,            320000 ,            360000 ,               61 ,            57 ,            65 ,                 1
     91 ,                39000 ,             36000 ,             44000 ,               35 ,            32 ,            39 ,                 1
     92 ,                 9200 ,              8300 ,             10000 ,               44 ,            40 ,            49 ,                 1
     94 ,                 1200 ,              1000 ,              1300 ,               77 ,            67 ,            86 ,                 1
     95 ,                39000 ,             30000 ,             55000 ,                9 ,             7 ,            13 ,                 1
     96 ,              1000000 ,            940000 ,           1100000 ,               78 ,            70 ,            84 ,                 1
     97 ,                87000 ,             77000 ,             98000 ,               48 ,            42 ,            53 ,                 1
     99 ,               150000 ,            120000 ,            190000 ,               31 ,            25 ,            39 ,                 1
    101 ,                 5600 ,              4500 ,              7200 ,               54 ,            44 ,            69 ,                 1
    102 ,                13000 ,             10000 ,             15000 ,               22 ,            18 ,            26 ,                 1
    103 ,               230000 ,            200000 ,            270000 ,               70 ,            60 ,            80 ,                 1
    104 ,                  600 ,               530 ,               670 ,               32 ,            29 ,            36 ,                 1
    105 ,                  500 ,               500 ,               500 ,               40 ,            34 ,            46 ,                 1
    106 ,                21000 ,             17000 ,             28000 ,               65 ,            52 ,            86 ,                 1
    107 ,              2200000 ,           1700000 ,           2700000 ,               56 ,            44 ,            68 ,                 1
    108 ,               240000 ,            210000 ,            270000 ,               70 ,            63 ,            79 ,                 1
    109 ,               200000 ,            190000 ,            220000 ,               92 ,            84 ,            95 ,                 1
    110 ,                30000 ,             26000 ,             34000 ,               56 ,            50 ,            65 ,                 1
    112 ,                 3600 ,              3100 ,              4200 ,               73 ,            62 ,            84 ,                 1
    113 ,                 9400 ,              7600 ,             12000 ,               53 ,            43 ,            68 ,                 1
    114 ,                36000 ,             30000 ,             43000 ,               54 ,            45 ,            65 ,                 1
    115 ,              1900000 ,           1400000 ,           2600000 ,               53 ,            40 ,            71 ,                 1
    116 ,                 5800 ,              5200 ,              6300 ,               82 ,            74 ,            90 ,                 1
    117 ,                 3200 ,              2900 ,              3600 ,               41 ,            37 ,            45 ,                 1
    118 ,               160000 ,            140000 ,            190000 ,               10 ,             9 ,            11 ,                 1
    119 ,                26000 ,             24000 ,             29000 ,               54 ,            48 ,            59 ,                 1
    120 ,                45000 ,             41000 ,             50000 ,               65 ,            58 ,            71 ,                 1
    121 ,                21000 ,             16000 ,             31000 ,               40 ,            31 ,            58 ,                 1
    122 ,                79000 ,             58000 ,            110000 ,               73 ,            54 ,            95 ,                 1
    123 ,                77000 ,             65000 ,             90000 ,               44 ,            37 ,            51 ,                 1
    125 ,                41000 ,             36000 ,             46000 ,               90 ,            78 ,            95 ,                 1
    128 ,                17000 ,             14000 ,             23000 ,               34 ,            27 ,            45 ,                 1
    129 ,                  500 ,               500 ,               520 ,               54 ,            47 ,            63 ,                 1
    130 ,                18000 ,             16000 ,             20000 ,               67 ,            60 ,            73 ,                 1
    132 ,               220000 ,            200000 ,            250000 ,               87 ,            76 ,            95 ,                 1
    134 ,                42000 ,             37000 ,             47000 ,               63 ,            55 ,            71 ,                 1
    135 ,                 3000 ,              2200 ,              3800 ,               65 ,            47 ,            83 ,                 1
    136 ,                70000 ,             56000 ,             86000 ,               41 ,            33 ,            50 ,                 1
    137 ,                 7900 ,              7200 ,              8700 ,               78 ,            71 ,            86 ,                 1
    138 ,                 1200 ,               910 ,              1900 ,               54 ,            40 ,            85 ,                 1
    140 ,                11000 ,              8400 ,             15000 ,               30 ,            23 ,            41 ,                 1
    141 ,              7700000 ,           7100000 ,           8300000 ,               62 ,            57 ,            66 ,                 1
    142 ,               190000 ,            140000 ,            240000 ,               16 ,            12 ,            20 ,                 1
    143 ,               150000 ,            130000 ,            170000 ,               84 ,            73 ,            94 ,                 1
    144 ,                 3500 ,              3100 ,              4000 ,               45 ,            40 ,            52 ,                 1
    145 ,                59000 ,             26000 ,            110000 ,               15 ,             7 ,            28 ,                 1
    146 ,                 5600 ,              3700 ,              8100 ,               52 ,            35 ,            75 ,                 1
    149 ,                  660 ,               590 ,               720 ,               20 ,            18 ,            22 ,                 1
    150 ,                13000 ,             11000 ,             16000 ,               46 ,            38 ,            56 ,                 1
    151 ,               480000 ,            420000 ,            550000 ,               75 ,            66 ,            86 ,                 1
    153 ,               110000 ,            100000 ,            120000 ,               60 ,            56 ,            65 ,                 1
    155 ,                 2800 ,              1700 ,              4400 ,               39 ,            24 ,            61 ,                 1
    158 ,              1400000 ,           1300000 ,           1500000 ,               72 ,            68 ,            78 ,                 1
    159 ,               240000 ,            220000 ,            260000 ,               52 ,            48 ,            56 ,                 1
    162 ,              1600000 ,           1400000 ,           1700000 ,               71 ,            64 ,            78 ,                 1
    164 ,                14000 ,              9900 ,             19000 ,               58 ,            41 ,            76 ,                 1
    165 ,                52000 ,             48000 ,             56000 ,               51 ,            47 ,            55 ,                 1
    167 ,               230000 ,            200000 ,            260000 ,               65 ,            57 ,            73 ,                 1
    168 ,                11000 ,              6500 ,             18000 ,               21 ,            12 ,            35 ,                 1
    169 ,              1200000 ,           1100000 ,           1400000 ,               78 ,            69 ,            88 ,                 1
    170 ,              1300000 ,           1100000 ,           1500000 ,               88 ,            77 ,            95 ,                 1
      1 ,                  500 ,               500 ,               530 ,               17 ,            10 ,            26 ,                 2
      3 ,                  500 ,               500 ,               520 ,               95 ,            95 ,            95 ,                 2
      4 ,                38000 ,             30000 ,             47000 ,               13 ,            10 ,            16 ,                 2
      5 ,                 1800 ,              1600 ,              2100 ,               92 ,            84 ,            95 ,                 2
     10 ,                  200 ,               200 ,               500 ,               21 ,            18 ,            26 ,                 2
     12 ,                  500 ,               500 ,               500 ,               33 ,            28 ,            38 ,                 2
     14 ,                  500 ,               200 ,               500 ,               88 ,            64 ,            95 ,                 2
     16 ,                  200 ,               200 ,               200 ,               34 ,            31 ,            38 ,                 2
     17 ,                 4600 ,              2800 ,              8000 ,               44 ,            27 ,            77 ,                 2
     19 ,                  620 ,               560 ,               670 ,               40 ,            37 ,            43 ,                 2
     21 ,                14000 ,             10000 ,             17000 ,               38 ,            28 ,            46 ,                 2
     25 ,                 9100 ,              6300 ,             12000 ,               21 ,            15 ,            29 ,                 2
     26 ,                11000 ,              8000 ,             14000 ,               30 ,            22 ,            38 ,                 2
     28 ,                 3300 ,              2800 ,              3900 ,               92 ,            78 ,            95 ,                 2
     29 ,                43000 ,             33000 ,             51000 ,               24 ,            18 ,            28 ,                 2
     31 ,                11000 ,              8200 ,             14000 ,               23 ,            18 ,            29 ,                 2
     32 ,                16000 ,             11000 ,             21000 ,               16 ,            11 ,            22 ,                 2
     33 ,                  500 ,               500 ,               500 ,               56 ,            50 ,            61 ,                 2
     35 ,                 3600 ,              2900 ,              4300 ,               41 ,            32 ,            49 ,                 2
     37 ,                 7700 ,              5800 ,             10000 ,               25 ,            19 ,            33 ,                 2
     39 ,                31000 ,             23000 ,             41000 ,               40 ,            29 ,            54 ,                 2
     41 ,                  100 ,               100 ,               200 ,               34 ,            23 ,            46 ,                 2
     45 ,                64000 ,             50000 ,             76000 ,               25 ,            20 ,            30 ,                 2
     47 ,                  810 ,               640 ,              1000 ,               10 ,             8 ,            13 ,                 2
     48 ,                 1400 ,              1000 ,              1900 ,               55 ,            39 ,            74 ,                 2
     49 ,                  660 ,               500 ,              1200 ,               82 ,            54 ,            95 ,                 2
     50 ,                  500 ,               500 ,               500 ,               39 ,            36 ,            42 ,                 2
     51 ,                  610 ,               500 ,               740 ,               24 ,            19 ,            30 ,                 2
     52 ,                 5300 ,              3800 ,              7100 ,               14 ,            10 ,            19 ,                 2
     53 ,                 1300 ,               930 ,              2000 ,               37 ,            26 ,            55 ,                 2
     55 ,                11000 ,              9400 ,             13000 ,               76 ,            63 ,            88 ,                 2
     56 ,                36000 ,             23000 ,             55000 ,               59 ,            38 ,            90 ,                 2
     60 ,                 3200 ,              2300 ,              4400 ,               57 ,            41 ,            78 ,                 2
     61 ,                 1900 ,              1400 ,              2500 ,               30 ,            23 ,            39 ,                 2
     64 ,                30000 ,             23000 ,             37000 ,               20 ,            15 ,            25 ,                 2
     66 ,                 2000 ,              1800 ,              2200 ,               36 ,            33 ,            39 ,                 2
     67 ,                10000 ,              7900 ,             13000 ,               20 ,            15 ,            25 ,                 2
     68 ,                 5700 ,              4700 ,              6600 ,                6 ,             5 ,             7 ,                 2
     69 ,                  500 ,               500 ,               500 ,               38 ,            31 ,            44 ,                 2
     70 ,                 8700 ,              7000 ,              9900 ,               40 ,            32 ,            45 ,                 2
     71 ,                  890 ,               710 ,              1100 ,               41 ,            33 ,            49 ,                 2
     75 ,                18000 ,             15000 ,             20000 ,               22 ,            19 ,            26 ,                 2
     76 ,                  880 ,               580 ,              1600 ,               58 ,            39 ,            95 ,                 2
     80 ,                  500 ,               500 ,               500 ,               51 ,            46 ,            57 ,                 2
     83 ,                  500 ,               500 ,               500 ,               95 ,            95 ,            95 ,                 2
     84 ,               120000 ,             95000 ,            160000 ,               61 ,            47 ,            78 ,                 2
     86 ,                  500 ,               500 ,               500 ,               95 ,            95 ,            95 ,                 2
     87 ,                  700 ,               620 ,               820 ,               40 ,            35 ,            46 ,                 2
     90 ,                12000 ,              9500 ,             14000 ,               70 ,            55 ,            81 ,                 2
     91 ,                 3700 ,              3000 ,              4400 ,               18 ,            14 ,            21 ,                 2
     92 ,                  500 ,               500 ,               500 ,               33 ,            30 ,            35 ,                 2
     95 ,                 1900 ,              1600 ,              2500 ,                5 ,             4 ,             6 ,                 2
     96 ,                74000 ,             57000 ,             89000 ,               61 ,            47 ,            73 ,                 2
     97 ,                  500 ,               500 ,               520 ,               94 ,            77 ,            95 ,                 2
     99 ,                19000 ,             15000 ,             24000 ,               18 ,            14 ,            23 ,                 2
    101 ,                  500 ,               500 ,               500 ,               54 ,            46 ,            66 ,                 2
    102 ,                  100 ,               100 ,               200 ,               45 ,            40 ,            50 ,                 2
    106 ,                  560 ,               500 ,               770 ,               95 ,            88 ,            95 ,                 2
    107 ,               140000 ,            110000 ,            190000 ,               60 ,            45 ,            81 ,                 2
    108 ,                 9800 ,              8400 ,             11000 ,               80 ,            69 ,            93 ,                 2
    109 ,                11000 ,              8700 ,             13000 ,               78 ,            61 ,            89 ,                 2
    110 ,                 1400 ,              1200 ,              1600 ,               91 ,            80 ,            95 ,                 2
    113 ,                  500 ,               200 ,               500 ,               55 ,            41 ,            76 ,                 2
    114 ,                 2500 ,              2100 ,              3200 ,               52 ,            42 ,            66 ,                 2
    115 ,               140000 ,             91000 ,            220000 ,               35 ,            22 ,            53 ,                 2
    118 ,                 5500 ,              4700 ,              6300 ,               11 ,            10 ,            13 ,                 2
    119 ,                  500 ,               500 ,               500 ,               76 ,            69 ,            84 ,                 2
    120 ,                 2900 ,              2300 ,              3500 ,               49 ,            39 ,            58 ,                 2
    121 ,                  500 ,               500 ,               640 ,               43 ,            28 ,            68 ,                 2
    122 ,                 1600 ,              1100 ,              2300 ,               48 ,            34 ,            70 ,                 2
    123 ,                  500 ,               500 ,               510 ,               20 ,            16 ,            25 ,                 2
    128 ,                  500 ,               500 ,               500 ,               40 ,            30 ,            55 ,                 2
    130 ,                  100 ,               100 ,               100 ,               95 ,            95 ,            95 ,                 2
    132 ,                12000 ,              8900 ,             15000 ,               63 ,            47 ,            80 ,                 2
    134 ,                 4500 ,              3700 ,              5100 ,               31 ,            26 ,            35 ,                 2
    136 ,                 6600 ,              5100 ,              8500 ,               17 ,            13 ,            22 ,                 2
    140 ,                 1300 ,              1100 ,              1800 ,               14 ,            12 ,            19 ,                 2
    141 ,               260000 ,            200000 ,            360000 ,               63 ,            49 ,            87 ,                 2
    142 ,                16000 ,             12000 ,             21000 ,                9 ,             7 ,            12 ,                 2
    145 ,                 4200 ,              2400 ,              6800 ,               15 ,             8 ,            23 ,                 2
    146 ,                  100 ,               100 ,               100 ,               72 ,            45 ,            95 ,                 2
    150 ,                  540 ,               500 ,               630 ,               95 ,            95 ,            95 ,                 2
    151 ,                 3200 ,              2600 ,              3800 ,               83 ,            68 ,            95 ,                 2
    153 ,                12000 ,             11000 ,             14000 ,               34 ,            29 ,            38 ,                 2
    158 ,               100000 ,             88000 ,            110000 ,               66 ,            57 ,            74 ,                 2
    159 ,                  850 ,               750 ,               980 ,               95 ,            84 ,            95 ,                 2
    162 ,                92000 ,             72000 ,            110000 ,               65 ,            51 ,            80 ,                 2
    164 ,                  200 ,               100 ,               200 ,               64 ,            47 ,            90 ,                 2
    165 ,                 6000 ,              5600 ,              6300 ,               93 ,            87 ,            95 ,                 2
    167 ,                 5000 ,              4000 ,              5900 ,               92 ,            74 ,            95 ,                 2
    168 ,                  500 ,               500 ,               580 ,               33 ,            24 ,            50 ,                 2
    169 ,                62000 ,             52000 ,             74000 ,               79 ,            65 ,            93 ,                 2
    170 ,                84000 ,             65000 ,            100000 ,               76 ,            59 ,            93 ,                 2
